{
  "accuracy": 0.6631818181818182,
  "precision": 0.7614259597806216,
  "recall": 0.6344249809596344,
  "f1_score": 0.6921479019526381,
  "roc_auc": 0.7463067701271904
}