{
  "accuracy": 0.6554545454545454,
  "precision": 0.7515865820489573,
  "recall": 0.6313785224676314,
  "f1_score": 0.6862582781456954,
  "roc_auc": 0.7410724942063194
}